Timestamp,Temperature,Humidity,SoilMoisture,LightIntensity,WaterLevel,PumpStatus,Alert
2026-01-01 08:00:00,32,36,22,318,69,ON,LOW_SOIL_MOISTURE
2026-01-01 08:05:00,31,44,27,276,77,ON,LOW_SOIL_MOISTURE
2026-01-01 08:10:00,27,44,87,142,38,OFF,NORMAL
2026-01-01 08:15:00,40,47,50,938,54,OFF,NORMAL
2026-01-01 08:20:00,35,64,46,493,34,OFF,NORMAL
2026-01-01 08:25:00,38,56,36,437,69,OFF,NORMAL
2026-01-01 08:30:00,31,76,66,573,28,OFF,NORMAL
2026-01-01 08:35:00,22,79,42,242,33,OFF,NORMAL
2026-01-01 08:40:00,38,69,47,166,14,OFF,LOW_WATER_LEVEL
2026-01-01 08:45:00,35,66,51,514,15,OFF,LOW_WATER_LEVEL
2026-01-01 08:50:00,23,35,98,287,97,OFF,NORMAL
2026-01-01 08:55:00,35,90,42,534,94,OFF,NORMAL
2026-01-01 09:00:00,36,39,80,204,33,OFF,NORMAL
2026-01-01 09:05:00,43,85,38,319,17,OFF,LOW_WATER_LEVEL
2026-01-01 09:10:00,40,46,31,434,49,OFF,NORMAL
2026-01-01 09:15:00,37,67,13,854,46,ON,LOW_SOIL_MOISTURE
2026-01-01 09:20:00,26,59,79,696,74,OFF,NORMAL
2026-01-01 09:25:00,32,57,96,356,40,OFF,NORMAL
2026-01-01 09:30:00,44,47,35,712,20,OFF,HIGH_TEMPERATURE
2026-01-01 09:35:00,29,59,30,264,81,OFF,NORMAL
2026-01-01 09:40:00,27,60,77,743,73,OFF,NORMAL
2026-01-01 09:45:00,20,63,17,537,76,ON,LOW_SOIL_MOISTURE
2026-01-01 09:50:00,42,35,39,655,34,OFF,HIGH_TEMPERATURE
2026-01-01 09:55:00,20,80,10,800,71,ON,LOW_SOIL_MOISTURE
2026-01-01 10:00:00,43,62,41,944,94,OFF,HIGH_TEMPERATURE
2026-01-01 10:05:00,40,45,97,762,42,OFF,NORMAL
2026-01-01 10:10:00,37,76,14,142,100,ON,LOW_SOIL_MOISTURE
2026-01-01 10:15:00,34,65,90,125,62,OFF,NORMAL
2026-01-01 10:20:00,41,67,88,333,76,OFF,HIGH_TEMPERATURE
2026-01-01 10:25:00,40,36,82,950,99,OFF,NORMAL
2026-01-01 10:30:00,27,37,19,413,29,ON,LOW_SOIL_MOISTURE
2026-01-01 10:35:00,24,36,80,515,14,OFF,LOW_WATER_LEVEL
2026-01-01 10:40:00,40,88,51,806,34,OFF,NORMAL
2026-01-01 10:45:00,24,74,80,364,17,OFF,LOW_WATER_LEVEL
2026-01-01 10:50:00,41,64,96,799,22,OFF,HIGH_TEMPERATURE
2026-01-01 10:55:00,44,64,49,349,39,OFF,HIGH_TEMPERATURE
2026-01-01 11:00:00,25,87,87,101,98,OFF,NORMAL
2026-01-01 11:05:00,30,76,77,342,24,OFF,NORMAL
2026-01-01 11:10:00,36,56,72,899,17,OFF,LOW_WATER_LEVEL
2026-01-01 11:15:00,29,69,45,836,19,OFF,LOW_WATER_LEVEL
2026-01-01 11:20:00,28,74,32,621,77,OFF,NORMAL
2026-01-01 11:25:00,44,81,77,501,38,OFF,HIGH_TEMPERATURE
2026-01-01 11:30:00,27,87,49,918,11,OFF,LOW_WATER_LEVEL
2026-01-01 11:35:00,32,82,84,399,30,OFF,NORMAL
2026-01-01 11:40:00,30,67,40,149,63,OFF,NORMAL
2026-01-01 11:45:00,39,43,82,186,19,OFF,LOW_WATER_LEVEL
2026-01-01 11:50:00,35,63,81,581,89,OFF,NORMAL
2026-01-01 11:55:00,25,40,29,631,19,ON,LOW_WATER_LEVEL
2026-01-01 12:00:00,28,51,97,265,25,OFF,NORMAL
2026-01-01 12:05:00,27,90,66,348,46,OFF,NORMAL
2026-01-01 12:10:00,43,56,19,727,61,ON,HIGH_TEMPERATURE
2026-01-01 12:15:00,22,62,94,511,84,OFF,NORMAL
2026-01-01 12:20:00,37,52,75,489,27,OFF,NORMAL
2026-01-01 12:25:00,29,72,77,954,27,OFF,NORMAL
2026-01-01 12:30:00,45,80,34,817,97,OFF,HIGH_TEMPERATURE
2026-01-01 12:35:00,24,56,31,953,81,OFF,NORMAL
2026-01-01 12:40:00,21,38,33,204,98,OFF,NORMAL
2026-01-01 12:45:00,28,51,62,434,20,OFF,NORMAL
2026-01-01 12:50:00,43,68,57,354,82,OFF,HIGH_TEMPERATURE
2026-01-01 12:55:00,25,62,26,650,19,ON,LOW_WATER_LEVEL
2026-01-01 13:00:00,30,70,14,789,59,ON,LOW_SOIL_MOISTURE
2026-01-01 13:05:00,43,60,89,168,55,OFF,HIGH_TEMPERATURE
2026-01-01 13:10:00,22,49,89,937,57,OFF,NORMAL
2026-01-01 13:15:00,25,74,91,697,93,OFF,NORMAL
2026-01-01 13:20:00,31,88,61,992,99,OFF,NORMAL
2026-01-01 13:25:00,25,82,77,353,82,OFF,NORMAL
2026-01-01 13:30:00,22,47,48,772,49,OFF,NORMAL
2026-01-01 13:35:00,21,83,58,283,82,OFF,NORMAL
2026-01-01 13:40:00,26,80,66,953,95,OFF,NORMAL
2026-01-01 13:45:00,33,64,63,881,46,OFF,NORMAL
2026-01-01 13:50:00,20,85,71,800,41,OFF,NORMAL
2026-01-01 13:55:00,38,62,14,735,31,ON,LOW_SOIL_MOISTURE
2026-01-01 14:00:00,43,41,50,757,29,OFF,HIGH_TEMPERATURE
2026-01-01 14:05:00,44,73,32,808,46,OFF,HIGH_TEMPERATURE
2026-01-01 14:10:00,29,47,87,296,77,OFF,NORMAL
2026-01-01 14:15:00,27,81,47,282,91,OFF,NORMAL
2026-01-01 14:20:00,32,88,69,879,53,OFF,NORMAL
2026-01-01 14:25:00,37,89,31,723,45,OFF,NORMAL
2026-01-01 14:30:00,41,84,75,472,75,OFF,HIGH_TEMPERATURE
2026-01-01 14:35:00,20,58,54,970,71,OFF,NORMAL
2026-01-01 14:40:00,40,51,61,569,39,OFF,NORMAL
2026-01-01 14:45:00,20,72,70,634,67,OFF,NORMAL
2026-01-01 14:50:00,20,87,13,749,83,ON,LOW_SOIL_MOISTURE
2026-01-01 14:55:00,37,36,100,582,33,OFF,NORMAL
2026-01-01 15:00:00,40,83,54,755,73,OFF,NORMAL
2026-01-01 15:05:00,32,62,67,110,82,OFF,NORMAL
2026-01-01 15:10:00,26,61,12,113,82,ON,LOW_SOIL_MOISTURE
2026-01-01 15:15:00,25,53,19,300,72,ON,LOW_SOIL_MOISTURE
2026-01-01 15:20:00,42,53,35,633,85,OFF,HIGH_TEMPERATURE
2026-01-01 15:25:00,37,78,99,204,46,OFF,NORMAL
2026-01-01 15:30:00,36,74,57,782,46,OFF,NORMAL
2026-01-01 15:35:00,41,72,59,261,30,OFF,HIGH_TEMPERATURE
2026-01-01 15:40:00,23,86,85,103,20,OFF,NORMAL
2026-01-01 15:45:00,37,48,53,864,37,OFF,NORMAL
2026-01-01 15:50:00,44,90,14,500,92,ON,HIGH_TEMPERATURE
2026-01-01 15:55:00,38,62,25,964,67,ON,LOW_SOIL_MOISTURE
2026-01-01 16:00:00,24,85,95,783,36,OFF,NORMAL
2026-01-01 16:05:00,39,86,10,255,86,ON,LOW_SOIL_MOISTURE
2026-01-01 16:10:00,27,38,65,983,48,OFF,NORMAL
2026-01-01 16:15:00,45,66,70,270,24,OFF,HIGH_TEMPERATURE
2026-01-01 16:20:00,25,41,57,977,47,OFF,NORMAL
2026-01-01 16:25:00,20,88,14,994,80,ON,LOW_SOIL_MOISTURE
2026-01-01 16:30:00,29,86,90,169,94,OFF,NORMAL
2026-01-01 16:35:00,36,37,14,951,30,ON,LOW_SOIL_MOISTURE
2026-01-01 16:40:00,27,36,72,879,98,OFF,NORMAL
2026-01-01 16:45:00,28,51,89,637,48,OFF,NORMAL
2026-01-01 16:50:00,31,56,49,670,15,OFF,LOW_WATER_LEVEL
2026-01-01 16:55:00,35,81,87,501,20,OFF,NORMAL
2026-01-01 17:00:00,36,83,74,767,83,OFF,NORMAL
2026-01-01 17:05:00,37,79,97,620,57,OFF,NORMAL
2026-01-01 17:10:00,36,52,96,597,13,OFF,LOW_WATER_LEVEL
2026-01-01 17:15:00,23,74,44,213,20,OFF,NORMAL
2026-01-01 17:20:00,20,68,52,159,85,OFF,NORMAL
2026-01-01 17:25:00,34,51,71,639,18,OFF,LOW_WATER_LEVEL
2026-01-01 17:30:00,20,76,36,956,93,OFF,NORMAL
2026-01-01 17:35:00,26,60,92,528,61,OFF,NORMAL
2026-01-01 17:40:00,41,86,23,596,93,ON,HIGH_TEMPERATURE
2026-01-01 17:45:00,20,40,59,485,26,OFF,NORMAL
2026-01-01 17:50:00,23,72,85,676,79,OFF,NORMAL
2026-01-01 17:55:00,24,46,24,624,12,ON,LOW_WATER_LEVEL
2026-01-01 18:00:00,23,39,71,117,20,OFF,NORMAL
2026-01-01 18:05:00,25,74,41,971,55,OFF,NORMAL
2026-01-01 18:10:00,45,42,61,407,73,OFF,HIGH_TEMPERATURE
2026-01-01 18:15:00,20,45,96,503,97,OFF,NORMAL
2026-01-01 18:20:00,23,56,31,475,22,OFF,NORMAL
2026-01-01 18:25:00,32,50,76,950,22,OFF,NORMAL
2026-01-01 18:30:00,43,58,16,805,10,ON,LOW_WATER_LEVEL
2026-01-01 18:35:00,37,48,62,896,93,OFF,NORMAL
2026-01-01 18:40:00,33,82,92,962,80,OFF,NORMAL
2026-01-01 18:45:00,37,36,27,747,96,ON,LOW_SOIL_MOISTURE
2026-01-01 18:50:00,31,81,21,354,65,ON,LOW_SOIL_MOISTURE
2026-01-01 18:55:00,38,67,10,349,35,ON,LOW_SOIL_MOISTURE
2026-01-01 19:00:00,23,47,16,179,28,ON,LOW_SOIL_MOISTURE
2026-01-01 19:05:00,36,35,60,411,86,OFF,NORMAL
2026-01-01 19:10:00,41,82,62,208,68,OFF,HIGH_TEMPERATURE
2026-01-01 19:15:00,36,58,97,751,60,OFF,NORMAL
2026-01-01 19:20:00,36,57,83,247,58,OFF,NORMAL
2026-01-01 19:25:00,27,75,42,179,53,OFF,NORMAL
2026-01-01 19:30:00,45,66,57,321,31,OFF,HIGH_TEMPERATURE
2026-01-01 19:35:00,20,68,51,315,41,OFF,NORMAL
2026-01-01 19:40:00,30,58,64,549,39,OFF,NORMAL
2026-01-01 19:45:00,26,68,11,188,90,ON,LOW_SOIL_MOISTURE
2026-01-01 19:50:00,40,74,56,959,45,OFF,NORMAL
2026-01-01 19:55:00,37,80,47,923,85,OFF,NORMAL
2026-01-01 20:00:00,45,79,18,496,37,ON,HIGH_TEMPERATURE
2026-01-01 20:05:00,20,51,75,254,69,OFF,NORMAL
2026-01-01 20:10:00,35,81,29,677,86,ON,LOW_SOIL_MOISTURE
2026-01-01 20:15:00,43,57,50,160,41,OFF,HIGH_TEMPERATURE
2026-01-01 20:20:00,28,63,35,942,48,OFF,NORMAL
2026-01-01 20:25:00,24,50,48,412,48,OFF,NORMAL
2026-01-01 20:30:00,22,36,18,956,68,ON,LOW_SOIL_MOISTURE
2026-01-01 20:35:00,27,76,64,665,46,OFF,NORMAL
2026-01-01 20:40:00,27,43,21,611,52,ON,LOW_SOIL_MOISTURE
2026-01-01 20:45:00,33,72,21,149,79,ON,LOW_SOIL_MOISTURE
2026-01-01 20:50:00,34,64,83,581,39,OFF,NORMAL
2026-01-01 20:55:00,25,51,69,168,35,OFF,NORMAL
2026-01-01 21:00:00,37,39,20,910,68,ON,LOW_SOIL_MOISTURE
2026-01-01 21:05:00,21,63,53,104,28,OFF,NORMAL
2026-01-01 21:10:00,27,81,93,812,29,OFF,NORMAL
2026-01-01 21:15:00,21,66,18,343,32,ON,LOW_SOIL_MOISTURE
2026-01-01 21:20:00,27,41,64,126,98,OFF,NORMAL
2026-01-01 21:25:00,20,47,15,394,11,ON,LOW_WATER_LEVEL
2026-01-01 21:30:00,41,81,59,907,37,OFF,HIGH_TEMPERATURE
2026-01-01 21:35:00,26,40,15,499,26,ON,LOW_SOIL_MOISTURE
2026-01-01 21:40:00,26,58,74,469,52,OFF,NORMAL
2026-01-01 21:45:00,30,58,46,926,91,OFF,NORMAL
2026-01-01 21:50:00,31,59,63,271,25,OFF,NORMAL
2026-01-01 21:55:00,30,38,29,480,21,ON,LOW_SOIL_MOISTURE
2026-01-01 22:00:00,41,79,81,767,94,OFF,HIGH_TEMPERATURE
2026-01-01 22:05:00,45,43,68,134,51,OFF,HIGH_TEMPERATURE
2026-01-01 22:10:00,25,59,35,661,18,OFF,LOW_WATER_LEVEL
2026-01-01 22:15:00,41,59,95,356,93,OFF,HIGH_TEMPERATURE
2026-01-01 22:20:00,24,35,35,656,57,OFF,NORMAL
2026-01-01 22:25:00,43,44,73,722,82,OFF,HIGH_TEMPERATURE
2026-01-01 22:30:00,32,78,86,159,86,OFF,NORMAL
2026-01-01 22:35:00,27,35,84,635,90,OFF,NORMAL
2026-01-01 22:40:00,38,49,18,993,37,ON,LOW_SOIL_MOISTURE
2026-01-01 22:45:00,24,40,32,880,70,OFF,NORMAL
2026-01-01 22:50:00,33,52,26,293,26,ON,LOW_SOIL_MOISTURE
2026-01-01 22:55:00,39,50,31,304,88,OFF,NORMAL
2026-01-01 23:00:00,21,66,36,154,62,OFF,NORMAL
2026-01-01 23:05:00,45,54,41,767,58,OFF,HIGH_TEMPERATURE
2026-01-01 23:10:00,20,42,38,639,24,OFF,NORMAL
2026-01-01 23:15:00,35,76,70,993,69,OFF,NORMAL
2026-01-01 23:20:00,30,90,75,773,32,OFF,NORMAL
2026-01-01 23:25:00,43,76,48,607,85,OFF,HIGH_TEMPERATURE
2026-01-01 23:30:00,26,44,34,613,86,OFF,NORMAL
2026-01-01 23:35:00,21,47,40,653,53,OFF,NORMAL
2026-01-01 23:40:00,20,56,19,273,36,ON,LOW_SOIL_MOISTURE
2026-01-01 23:45:00,22,77,17,847,41,ON,LOW_SOIL_MOISTURE
2026-01-01 23:50:00,26,48,31,695,19,OFF,LOW_WATER_LEVEL
2026-01-01 23:55:00,23,56,14,886,91,ON,LOW_SOIL_MOISTURE
2026-01-02 00:00:00,22,63,91,560,63,OFF,NORMAL
2026-01-02 00:05:00,44,59,74,912,13,OFF,LOW_WATER_LEVEL
2026-01-02 00:10:00,41,79,74,926,10,OFF,LOW_WATER_LEVEL
2026-01-02 00:15:00,23,84,18,712,98,ON,LOW_SOIL_MOISTURE
2026-01-02 00:20:00,29,61,100,317,18,OFF,LOW_WATER_LEVEL
2026-01-02 00:25:00,36,86,89,158,54,OFF,NORMAL
2026-01-02 00:30:00,24,42,30,600,37,OFF,NORMAL
2026-01-02 00:35:00,28,62,98,113,22,OFF,NORMAL
2026-01-02 00:40:00,20,80,59,618,62,OFF,NORMAL
2026-01-02 00:45:00,38,79,26,452,26,ON,LOW_SOIL_MOISTURE
2026-01-02 00:50:00,24,64,77,294,10,OFF,LOW_WATER_LEVEL
2026-01-02 00:55:00,44,78,81,241,18,OFF,LOW_WATER_LEVEL
2026-01-02 01:00:00,38,72,64,940,52,OFF,NORMAL
2026-01-02 01:05:00,33,67,31,920,45,OFF,NORMAL
2026-01-02 01:10:00,35,52,71,192,77,OFF,NORMAL
2026-01-02 01:15:00,30,37,84,795,100,OFF,NORMAL
2026-01-02 01:20:00,44,42,23,414,39,ON,HIGH_TEMPERATURE
2026-01-02 01:25:00,30,70,15,256,71,ON,LOW_SOIL_MOISTURE
2026-01-02 01:30:00,24,41,98,518,61,OFF,NORMAL
2026-01-02 01:35:00,23,54,32,962,97,OFF,NORMAL
2026-01-02 01:40:00,34,74,19,760,76,ON,LOW_SOIL_MOISTURE
2026-01-02 01:45:00,32,87,33,804,24,OFF,NORMAL
2026-01-02 01:50:00,38,44,91,540,34,OFF,NORMAL
2026-01-02 01:55:00,23,51,35,102,47,OFF,NORMAL
2026-01-02 02:00:00,20,87,77,361,31,OFF,NORMAL
2026-01-02 02:05:00,40,70,98,726,74,OFF,NORMAL
2026-01-02 02:10:00,31,61,78,379,32,OFF,NORMAL
2026-01-02 02:15:00,32,77,67,740,33,OFF,NORMAL
2026-01-02 02:20:00,42,71,68,474,86,OFF,HIGH_TEMPERATURE
2026-01-02 02:25:00,36,65,84,762,98,OFF,NORMAL
2026-01-02 02:30:00,25,69,83,372,14,OFF,LOW_WATER_LEVEL
2026-01-02 02:35:00,31,67,70,218,24,OFF,NORMAL
2026-01-02 02:40:00,24,81,15,498,59,ON,LOW_SOIL_MOISTURE
2026-01-02 02:45:00,41,57,48,864,43,OFF,HIGH_TEMPERATURE
2026-01-02 02:50:00,29,43,30,516,60,OFF,NORMAL
2026-01-02 02:55:00,40,35,57,398,84,OFF,NORMAL
2026-01-02 03:00:00,33,64,36,212,12,OFF,LOW_WATER_LEVEL
2026-01-02 03:05:00,35,75,41,135,23,OFF,NORMAL
2026-01-02 03:10:00,36,61,32,250,19,OFF,LOW_WATER_LEVEL
2026-01-02 03:15:00,42,46,56,627,83,OFF,HIGH_TEMPERATURE
2026-01-02 03:20:00,42,43,12,500,21,ON,HIGH_TEMPERATURE
2026-01-02 03:25:00,29,47,41,204,43,OFF,NORMAL
2026-01-02 03:30:00,28,66,73,973,43,OFF,NORMAL
2026-01-02 03:35:00,31,40,62,238,86,OFF,NORMAL
2026-01-02 03:40:00,25,70,43,600,83,OFF,NORMAL
2026-01-02 03:45:00,39,57,21,460,29,ON,LOW_SOIL_MOISTURE
2026-01-02 03:50:00,36,87,35,505,87,OFF,NORMAL
2026-01-02 03:55:00,39,52,54,948,92,OFF,NORMAL
2026-01-02 04:00:00,24,55,53,257,39,OFF,NORMAL
2026-01-02 04:05:00,41,79,74,640,28,OFF,HIGH_TEMPERATURE
2026-01-02 04:10:00,43,76,89,410,12,OFF,LOW_WATER_LEVEL
2026-01-02 04:15:00,20,85,22,189,28,ON,LOW_SOIL_MOISTURE
2026-01-02 04:20:00,28,80,69,728,12,OFF,LOW_WATER_LEVEL
2026-01-02 04:25:00,36,69,95,227,24,OFF,NORMAL
2026-01-02 04:30:00,20,47,48,502,47,OFF,NORMAL
2026-01-02 04:35:00,42,49,68,648,98,OFF,HIGH_TEMPERATURE
2026-01-02 04:40:00,38,80,12,857,19,ON,LOW_WATER_LEVEL
2026-01-02 04:45:00,36,51,70,691,66,OFF,NORMAL
2026-01-02 04:50:00,36,64,76,656,67,OFF,NORMAL
2026-01-02 04:55:00,38,54,64,251,49,OFF,NORMAL
2026-01-02 05:00:00,27,80,53,958,57,OFF,NORMAL
2026-01-02 05:05:00,21,64,62,105,69,OFF,NORMAL
2026-01-02 05:10:00,45,52,28,328,27,ON,HIGH_TEMPERATURE
2026-01-02 05:15:00,21,50,15,950,38,ON,LOW_SOIL_MOISTURE
2026-01-02 05:20:00,39,45,55,409,68,OFF,NORMAL
2026-01-02 05:25:00,43,69,19,712,97,ON,HIGH_TEMPERATURE
2026-01-02 05:30:00,29,79,98,508,96,OFF,NORMAL
2026-01-02 05:35:00,39,45,30,675,47,OFF,NORMAL
2026-01-02 05:40:00,29,36,81,225,14,OFF,LOW_WATER_LEVEL
2026-01-02 05:45:00,28,65,67,324,80,OFF,NORMAL
2026-01-02 05:50:00,43,40,10,158,47,ON,HIGH_TEMPERATURE
2026-01-02 05:55:00,41,60,64,837,76,OFF,HIGH_TEMPERATURE
2026-01-02 06:00:00,25,36,47,804,12,OFF,LOW_WATER_LEVEL
2026-01-02 06:05:00,32,88,49,446,93,OFF,NORMAL
2026-01-02 06:10:00,30,50,87,957,58,OFF,NORMAL
2026-01-02 06:15:00,37,65,27,726,29,ON,LOW_SOIL_MOISTURE
2026-01-02 06:20:00,30,84,51,661,87,OFF,NORMAL
2026-01-02 06:25:00,35,60,23,677,12,ON,LOW_WATER_LEVEL
2026-01-02 06:30:00,25,82,90,898,32,OFF,NORMAL
2026-01-02 06:35:00,45,52,86,981,57,OFF,HIGH_TEMPERATURE
2026-01-02 06:40:00,30,50,79,723,78,OFF,NORMAL
2026-01-02 06:45:00,28,42,66,981,83,OFF,NORMAL
2026-01-02 06:50:00,34,73,65,907,49,OFF,NORMAL
2026-01-02 06:55:00,42,65,30,716,63,OFF,HIGH_TEMPERATURE
2026-01-02 07:00:00,34,56,49,527,10,OFF,LOW_WATER_LEVEL
2026-01-02 07:05:00,33,83,95,555,32,OFF,NORMAL
2026-01-02 07:10:00,40,81,76,211,30,OFF,NORMAL
2026-01-02 07:15:00,42,45,98,231,29,OFF,HIGH_TEMPERATURE
2026-01-02 07:20:00,41,68,48,696,82,OFF,HIGH_TEMPERATURE
2026-01-02 07:25:00,38,45,13,195,92,ON,LOW_SOIL_MOISTURE
2026-01-02 07:30:00,38,50,35,704,81,OFF,NORMAL
2026-01-02 07:35:00,35,63,96,430,17,OFF,LOW_WATER_LEVEL
2026-01-02 07:40:00,33,45,56,806,68,OFF,NORMAL
2026-01-02 07:45:00,29,69,16,573,100,ON,LOW_SOIL_MOISTURE
2026-01-02 07:50:00,39,56,98,527,89,OFF,NORMAL
2026-01-02 07:55:00,26,38,80,933,81,OFF,NORMAL
2026-01-02 08:00:00,29,59,29,208,96,ON,LOW_SOIL_MOISTURE
2026-01-02 08:05:00,43,82,24,528,39,ON,HIGH_TEMPERATURE
2026-01-02 08:10:00,42,54,65,765,87,OFF,HIGH_TEMPERATURE
2026-01-02 08:15:00,40,58,61,729,22,OFF,NORMAL
2026-01-02 08:20:00,24,48,45,132,56,OFF,NORMAL
2026-01-02 08:25:00,35,44,76,526,24,OFF,NORMAL
2026-01-02 08:30:00,37,60,16,566,19,ON,LOW_WATER_LEVEL
2026-01-02 08:35:00,38,90,39,345,26,OFF,NORMAL
2026-01-02 08:40:00,25,77,49,773,70,OFF,NORMAL
2026-01-02 08:45:00,23,63,18,138,32,ON,LOW_SOIL_MOISTURE
2026-01-02 08:50:00,41,67,10,101,36,ON,HIGH_TEMPERATURE
2026-01-02 08:55:00,43,84,73,485,19,OFF,LOW_WATER_LEVEL
2026-01-02 09:00:00,28,64,42,935,42,OFF,NORMAL
2026-01-02 09:05:00,20,35,58,817,17,OFF,LOW_WATER_LEVEL
2026-01-02 09:10:00,30,39,98,271,34,OFF,NORMAL
2026-01-02 09:15:00,45,46,25,949,49,ON,HIGH_TEMPERATURE
2026-01-02 09:20:00,43,68,16,851,90,ON,HIGH_TEMPERATURE
2026-01-02 09:25:00,21,56,27,419,47,ON,LOW_SOIL_MOISTURE
2026-01-02 09:30:00,42,73,79,594,59,OFF,HIGH_TEMPERATURE
2026-01-02 09:35:00,33,80,95,941,72,OFF,NORMAL
2026-01-02 09:40:00,28,35,19,615,90,ON,LOW_SOIL_MOISTURE
2026-01-02 09:45:00,41,80,93,888,88,OFF,HIGH_TEMPERATURE
2026-01-02 09:50:00,22,90,38,200,48,OFF,NORMAL
2026-01-02 09:55:00,42,61,71,990,82,OFF,HIGH_TEMPERATURE
2026-01-02 10:00:00,23,80,94,537,84,OFF,NORMAL
2026-01-02 10:05:00,29,51,44,413,84,OFF,NORMAL
2026-01-02 10:10:00,28,44,13,441,64,ON,LOW_SOIL_MOISTURE
2026-01-02 10:15:00,43,44,92,498,36,OFF,HIGH_TEMPERATURE
2026-01-02 10:20:00,44,67,66,969,30,OFF,HIGH_TEMPERATURE
2026-01-02 10:25:00,35,89,82,679,59,OFF,NORMAL
2026-01-02 10:30:00,34,49,96,205,18,OFF,LOW_WATER_LEVEL
2026-01-02 10:35:00,28,89,72,500,22,OFF,NORMAL
2026-01-02 10:40:00,23,44,82,682,94,OFF,NORMAL
2026-01-02 10:45:00,27,78,91,210,38,OFF,NORMAL
2026-01-02 10:50:00,28,46,74,625,58,OFF,NORMAL
2026-01-02 10:55:00,24,38,98,907,55,OFF,NORMAL
2026-01-02 11:00:00,26,82,88,146,69,OFF,NORMAL
2026-01-02 11:05:00,42,43,34,747,13,OFF,LOW_WATER_LEVEL
2026-01-02 11:10:00,39,56,69,950,40,OFF,NORMAL
2026-01-02 11:15:00,37,77,81,692,36,OFF,NORMAL
2026-01-02 11:20:00,23,43,20,953,33,ON,LOW_SOIL_MOISTURE
2026-01-02 11:25:00,31,82,11,944,22,ON,LOW_SOIL_MOISTURE
2026-01-02 11:30:00,34,55,89,770,91,OFF,NORMAL
2026-01-02 11:35:00,22,44,70,425,72,OFF,NORMAL
2026-01-02 11:40:00,31,75,59,444,45,OFF,NORMAL
2026-01-02 11:45:00,27,66,55,685,47,OFF,NORMAL
2026-01-02 11:50:00,42,44,39,835,32,OFF,HIGH_TEMPERATURE
2026-01-02 11:55:00,29,71,26,592,24,ON,LOW_SOIL_MOISTURE
2026-01-02 12:00:00,21,60,66,617,39,OFF,NORMAL
2026-01-02 12:05:00,22,52,42,603,31,OFF,NORMAL
2026-01-02 12:10:00,24,39,53,432,44,OFF,NORMAL
2026-01-02 12:15:00,36,68,25,278,15,ON,LOW_WATER_LEVEL
2026-01-02 12:20:00,22,66,87,935,46,OFF,NORMAL
2026-01-02 12:25:00,43,75,54,720,73,OFF,HIGH_TEMPERATURE
2026-01-02 12:30:00,31,88,20,783,87,ON,LOW_SOIL_MOISTURE
2026-01-02 12:35:00,21,63,17,372,39,ON,LOW_SOIL_MOISTURE
2026-01-02 12:40:00,32,86,53,433,85,OFF,NORMAL
2026-01-02 12:45:00,36,59,94,329,40,OFF,NORMAL
2026-01-02 12:50:00,29,47,14,175,44,ON,LOW_SOIL_MOISTURE
2026-01-02 12:55:00,34,85,85,104,88,OFF,NORMAL
2026-01-02 13:00:00,45,63,71,432,33,OFF,HIGH_TEMPERATURE
2026-01-02 13:05:00,35,52,25,306,72,ON,LOW_SOIL_MOISTURE
2026-01-02 13:10:00,22,47,75,689,23,OFF,NORMAL
2026-01-02 13:15:00,43,41,73,263,26,OFF,HIGH_TEMPERATURE
2026-01-02 13:20:00,30,89,24,332,42,ON,LOW_SOIL_MOISTURE
2026-01-02 13:25:00,45,86,85,703,32,OFF,HIGH_TEMPERATURE
2026-01-02 13:30:00,33,79,38,208,81,OFF,NORMAL
2026-01-02 13:35:00,45,70,38,708,44,OFF,HIGH_TEMPERATURE
2026-01-02 13:40:00,44,71,24,262,53,ON,HIGH_TEMPERATURE
2026-01-02 13:45:00,27,87,79,449,85,OFF,NORMAL
2026-01-02 13:50:00,33,77,68,491,28,OFF,NORMAL
2026-01-02 13:55:00,33,50,46,347,95,OFF,NORMAL
2026-01-02 14:00:00,23,56,64,676,92,OFF,NORMAL
2026-01-02 14:05:00,23,39,99,660,71,OFF,NORMAL
2026-01-02 14:10:00,25,68,57,930,11,OFF,LOW_WATER_LEVEL
2026-01-02 14:15:00,26,36,35,106,60,OFF,NORMAL
2026-01-02 14:20:00,25,71,81,651,61,OFF,NORMAL
2026-01-02 14:25:00,30,80,44,564,88,OFF,NORMAL
2026-01-02 14:30:00,40,78,26,522,29,ON,LOW_SOIL_MOISTURE
2026-01-02 14:35:00,33,61,47,501,85,OFF,NORMAL
2026-01-02 14:40:00,40,68,84,144,53,OFF,NORMAL
2026-01-02 14:45:00,37,75,45,344,62,OFF,NORMAL
2026-01-02 14:50:00,41,58,52,423,96,OFF,HIGH_TEMPERATURE
2026-01-02 14:55:00,29,90,40,562,25,OFF,NORMAL
2026-01-02 15:00:00,43,65,80,276,71,OFF,HIGH_TEMPERATURE
2026-01-02 15:05:00,40,37,33,946,84,OFF,NORMAL
2026-01-02 15:10:00,38,60,61,782,18,OFF,LOW_WATER_LEVEL
2026-01-02 15:15:00,43,58,92,243,25,OFF,HIGH_TEMPERATURE
2026-01-02 15:20:00,22,84,79,121,13,OFF,LOW_WATER_LEVEL
2026-01-02 15:25:00,21,50,10,956,100,ON,LOW_SOIL_MOISTURE
2026-01-02 15:30:00,45,77,84,458,86,OFF,HIGH_TEMPERATURE
2026-01-02 15:35:00,23,49,29,681,53,ON,LOW_SOIL_MOISTURE
2026-01-02 15:40:00,31,53,25,397,63,ON,LOW_SOIL_MOISTURE
2026-01-02 15:45:00,21,67,82,673,52,OFF,NORMAL
2026-01-02 15:50:00,30,89,46,592,47,OFF,NORMAL
2026-01-02 15:55:00,28,75,68,925,74,OFF,NORMAL
2026-01-02 16:00:00,31,61,40,682,77,OFF,NORMAL
2026-01-02 16:05:00,23,62,32,182,90,OFF,NORMAL
2026-01-02 16:10:00,45,71,49,868,44,OFF,HIGH_TEMPERATURE
2026-01-02 16:15:00,44,77,10,749,78,ON,HIGH_TEMPERATURE
2026-01-02 16:20:00,44,71,20,150,64,ON,HIGH_TEMPERATURE
2026-01-02 16:25:00,42,57,75,831,42,OFF,HIGH_TEMPERATURE
2026-01-02 16:30:00,24,68,28,644,80,ON,LOW_SOIL_MOISTURE
2026-01-02 16:35:00,36,54,19,324,46,ON,LOW_SOIL_MOISTURE
2026-01-02 16:40:00,36,70,92,465,20,OFF,NORMAL
2026-01-02 16:45:00,28,67,23,475,39,ON,LOW_SOIL_MOISTURE
2026-01-02 16:50:00,35,66,82,241,10,OFF,LOW_WATER_LEVEL
2026-01-02 16:55:00,35,58,90,225,58,OFF,NORMAL
2026-01-02 17:00:00,22,85,21,226,25,ON,LOW_SOIL_MOISTURE
2026-01-02 17:05:00,25,40,26,491,93,ON,LOW_SOIL_MOISTURE
2026-01-02 17:10:00,37,56,93,584,36,OFF,NORMAL
2026-01-02 17:15:00,40,52,65,786,92,OFF,NORMAL
2026-01-02 17:20:00,22,77,35,532,72,OFF,NORMAL
2026-01-02 17:25:00,25,62,41,271,64,OFF,NORMAL
2026-01-02 17:30:00,23,45,65,856,20,OFF,NORMAL
2026-01-02 17:35:00,23,47,29,988,16,ON,LOW_WATER_LEVEL
2026-01-02 17:40:00,36,82,96,507,82,OFF,NORMAL
2026-01-02 17:45:00,44,53,29,308,91,ON,HIGH_TEMPERATURE
2026-01-02 17:50:00,33,76,43,231,34,OFF,NORMAL
2026-01-02 17:55:00,24,38,46,343,30,OFF,NORMAL
2026-01-02 18:00:00,34,55,14,463,31,ON,LOW_SOIL_MOISTURE
2026-01-02 18:05:00,39,77,33,816,81,OFF,NORMAL
2026-01-02 18:10:00,29,90,45,542,28,OFF,NORMAL
2026-01-02 18:15:00,22,54,71,914,10,OFF,LOW_WATER_LEVEL
2026-01-02 18:20:00,26,55,67,570,11,OFF,LOW_WATER_LEVEL
2026-01-02 18:25:00,23,73,17,777,54,ON,LOW_SOIL_MOISTURE
2026-01-02 18:30:00,21,74,10,789,90,ON,LOW_SOIL_MOISTURE
2026-01-02 18:35:00,20,72,15,519,52,ON,LOW_SOIL_MOISTURE
2026-01-02 18:40:00,20,79,25,114,58,ON,LOW_SOIL_MOISTURE
2026-01-02 18:45:00,29,78,58,828,55,OFF,NORMAL
2026-01-02 18:50:00,29,51,84,790,25,OFF,NORMAL
2026-01-02 18:55:00,43,79,51,942,50,OFF,HIGH_TEMPERATURE
2026-01-02 19:00:00,34,61,33,687,39,OFF,NORMAL
2026-01-02 19:05:00,42,81,73,132,58,OFF,HIGH_TEMPERATURE
2026-01-02 19:10:00,27,35,81,210,34,OFF,NORMAL
2026-01-02 19:15:00,29,75,36,222,24,OFF,NORMAL
2026-01-02 19:20:00,22,48,40,712,54,OFF,NORMAL
2026-01-02 19:25:00,22,47,23,499,39,ON,LOW_SOIL_MOISTURE
2026-01-02 19:30:00,22,54,77,481,27,OFF,NORMAL
2026-01-02 19:35:00,35,88,63,155,89,OFF,NORMAL
2026-01-02 19:40:00,42,50,74,766,89,OFF,HIGH_TEMPERATURE
2026-01-02 19:45:00,27,80,36,764,76,OFF,NORMAL
2026-01-02 19:50:00,24,58,84,194,73,OFF,NORMAL
2026-01-02 19:55:00,34,83,99,115,75,OFF,NORMAL
2026-01-02 20:00:00,27,79,96,740,78,OFF,NORMAL
2026-01-02 20:05:00,45,77,75,988,58,OFF,HIGH_TEMPERATURE
2026-01-02 20:10:00,27,68,79,996,33,OFF,NORMAL
2026-01-02 20:15:00,42,67,12,476,21,ON,HIGH_TEMPERATURE
2026-01-02 20:20:00,41,71,73,363,66,OFF,HIGH_TEMPERATURE
2026-01-02 20:25:00,45,60,92,714,56,OFF,HIGH_TEMPERATURE
2026-01-02 20:30:00,40,53,62,452,67,OFF,NORMAL
2026-01-02 20:35:00,43,43,62,223,36,OFF,HIGH_TEMPERATURE
2026-01-02 20:40:00,35,35,35,911,92,OFF,NORMAL
2026-01-02 20:45:00,23,71,49,474,92,OFF,NORMAL
2026-01-02 20:50:00,42,55,54,159,25,OFF,HIGH_TEMPERATURE
2026-01-02 20:55:00,20,37,62,704,37,OFF,NORMAL
2026-01-02 21:00:00,40,42,24,540,27,ON,LOW_SOIL_MOISTURE
2026-01-02 21:05:00,29,90,34,780,62,OFF,NORMAL
2026-01-02 21:10:00,20,48,82,421,23,OFF,NORMAL
2026-01-02 21:15:00,41,90,25,989,54,ON,HIGH_TEMPERATURE
2026-01-02 21:20:00,30,47,91,631,61,OFF,NORMAL
2026-01-02 21:25:00,42,40,96,106,50,OFF,HIGH_TEMPERATURE
2026-01-02 21:30:00,27,52,54,162,73,OFF,NORMAL
2026-01-02 21:35:00,22,46,33,853,96,OFF,NORMAL
2026-01-02 21:40:00,20,86,72,679,63,OFF,NORMAL
2026-01-02 21:45:00,30,46,43,595,41,OFF,NORMAL
2026-01-02 21:50:00,23,41,31,274,19,OFF,LOW_WATER_LEVEL
2026-01-02 21:55:00,22,76,66,442,76,OFF,NORMAL
2026-01-02 22:00:00,27,86,84,634,28,OFF,NORMAL
2026-01-02 22:05:00,24,74,82,645,83,OFF,NORMAL
2026-01-02 22:10:00,29,76,37,797,68,OFF,NORMAL
2026-01-02 22:15:00,20,46,35,247,15,OFF,LOW_WATER_LEVEL
2026-01-02 22:20:00,30,88,78,392,54,OFF,NORMAL
2026-01-02 22:25:00,37,38,53,817,78,OFF,NORMAL
2026-01-02 22:30:00,22,57,22,511,55,ON,LOW_SOIL_MOISTURE
2026-01-02 22:35:00,31,72,55,638,27,OFF,NORMAL
2026-01-02 22:40:00,37,39,68,719,52,OFF,NORMAL
2026-01-02 22:45:00,34,84,49,554,27,OFF,NORMAL
2026-01-02 22:50:00,42,45,52,333,94,OFF,HIGH_TEMPERATURE
2026-01-02 22:55:00,45,51,99,819,49,OFF,HIGH_TEMPERATURE
2026-01-02 23:00:00,25,76,33,988,78,OFF,NORMAL
2026-01-02 23:05:00,37,71,65,305,61,OFF,NORMAL
2026-01-02 23:10:00,33,43,58,218,27,OFF,NORMAL
2026-01-02 23:15:00,42,70,12,404,75,ON,HIGH_TEMPERATURE
2026-01-02 23:20:00,28,56,82,216,84,OFF,NORMAL
2026-01-02 23:25:00,21,50,50,399,59,OFF,NORMAL
2026-01-02 23:30:00,22,75,80,577,68,OFF,NORMAL
2026-01-02 23:35:00,38,41,94,487,90,OFF,NORMAL
2026-01-02 23:40:00,42,72,62,932,72,OFF,HIGH_TEMPERATURE
2026-01-02 23:45:00,26,74,78,631,21,OFF,NORMAL
2026-01-02 23:50:00,43,55,73,459,25,OFF,HIGH_TEMPERATURE
2026-01-02 23:55:00,31,83,52,874,64,OFF,NORMAL
2026-01-03 00:00:00,35,64,73,335,44,OFF,NORMAL
2026-01-03 00:05:00,42,88,61,258,63,OFF,HIGH_TEMPERATURE
2026-01-03 00:10:00,20,70,59,372,54,OFF,NORMAL
2026-01-03 00:15:00,26,50,98,489,43,OFF,NORMAL
2026-01-03 00:20:00,29,57,72,112,65,OFF,NORMAL
2026-01-03 00:25:00,41,62,94,697,45,OFF,HIGH_TEMPERATURE
2026-01-03 00:30:00,44,42,53,622,48,OFF,HIGH_TEMPERATURE
2026-01-03 00:35:00,38,81,33,124,79,OFF,NORMAL
2026-01-03 00:40:00,34,46,29,922,71,ON,LOW_SOIL_MOISTURE
2026-01-03 00:45:00,38,87,63,702,88,OFF,NORMAL
2026-01-03 00:50:00,43,68,17,391,46,ON,HIGH_TEMPERATURE
2026-01-03 00:55:00,21,61,21,449,83,ON,LOW_SOIL_MOISTURE
2026-01-03 01:00:00,38,58,96,357,80,OFF,NORMAL
2026-01-03 01:05:00,33,48,29,267,41,ON,LOW_SOIL_MOISTURE
2026-01-03 01:10:00,27,82,67,710,55,OFF,NORMAL
2026-01-03 01:15:00,23,49,54,489,97,OFF,NORMAL
2026-01-03 01:20:00,28,61,91,900,87,OFF,NORMAL
2026-01-03 01:25:00,25,41,57,966,90,OFF,NORMAL
2026-01-03 01:30:00,26,67,23,673,36,ON,LOW_SOIL_MOISTURE
2026-01-03 01:35:00,38,84,18,825,44,ON,LOW_SOIL_MOISTURE
2026-01-03 01:40:00,38,44,46,286,85,OFF,NORMAL
2026-01-03 01:45:00,31,67,17,446,82,ON,LOW_SOIL_MOISTURE
2026-01-03 01:50:00,41,43,54,458,16,OFF,LOW_WATER_LEVEL
2026-01-03 01:55:00,22,88,29,860,86,ON,LOW_SOIL_MOISTURE
2026-01-03 02:00:00,28,37,89,612,21,OFF,NORMAL
2026-01-03 02:05:00,42,77,18,281,97,ON,HIGH_TEMPERATURE
2026-01-03 02:10:00,39,48,93,508,42,OFF,NORMAL
2026-01-03 02:15:00,24,52,12,524,55,ON,LOW_SOIL_MOISTURE
2026-01-03 02:20:00,28,51,36,311,88,OFF,NORMAL
2026-01-03 02:25:00,24,75,81,681,70,OFF,NORMAL
2026-01-03 02:30:00,27,41,23,480,73,ON,LOW_SOIL_MOISTURE
2026-01-03 02:35:00,41,73,84,677,60,OFF,HIGH_TEMPERATURE
2026-01-03 02:40:00,45,89,68,401,21,OFF,HIGH_TEMPERATURE
2026-01-03 02:45:00,23,75,53,505,84,OFF,NORMAL
2026-01-03 02:50:00,41,85,70,785,11,OFF,LOW_WATER_LEVEL
2026-01-03 02:55:00,45,52,84,1000,65,OFF,HIGH_TEMPERATURE
2026-01-03 03:00:00,28,65,85,994,37,OFF,NORMAL
2026-01-03 03:05:00,36,68,78,206,20,OFF,NORMAL
2026-01-03 03:10:00,43,45,99,649,70,OFF,HIGH_TEMPERATURE
2026-01-03 03:15:00,33,35,40,382,78,OFF,NORMAL
2026-01-03 03:20:00,39,44,62,936,66,OFF,NORMAL
2026-01-03 03:25:00,38,62,77,342,14,OFF,LOW_WATER_LEVEL
2026-01-03 03:30:00,41,48,11,746,88,ON,HIGH_TEMPERATURE
2026-01-03 03:35:00,28,77,95,828,36,OFF,NORMAL
2026-01-03 03:40:00,44,80,16,120,59,ON,HIGH_TEMPERATURE
2026-01-03 03:45:00,40,70,14,799,81,ON,LOW_SOIL_MOISTURE
2026-01-03 03:50:00,39,83,14,337,24,ON,LOW_SOIL_MOISTURE
2026-01-03 03:55:00,26,79,97,624,44,OFF,NORMAL
2026-01-03 04:00:00,38,39,20,172,30,ON,LOW_SOIL_MOISTURE
2026-01-03 04:05:00,23,43,45,146,18,OFF,LOW_WATER_LEVEL
2026-01-03 04:10:00,33,70,12,677,24,ON,LOW_SOIL_MOISTURE
2026-01-03 04:15:00,26,49,76,344,19,OFF,LOW_WATER_LEVEL
2026-01-03 04:20:00,24,59,57,334,17,OFF,LOW_WATER_LEVEL
2026-01-03 04:25:00,32,63,77,867,83,OFF,NORMAL
2026-01-03 04:30:00,20,38,54,795,73,OFF,NORMAL
2026-01-03 04:35:00,40,54,99,399,13,OFF,LOW_WATER_LEVEL
2026-01-03 04:40:00,33,61,46,300,53,OFF,NORMAL
2026-01-03 04:45:00,36,89,20,232,84,ON,LOW_SOIL_MOISTURE
2026-01-03 04:50:00,31,48,100,567,15,OFF,LOW_WATER_LEVEL
2026-01-03 04:55:00,22,42,98,213,28,OFF,NORMAL
2026-01-03 05:00:00,24,47,75,354,67,OFF,NORMAL
2026-01-03 05:05:00,32,90,35,714,77,OFF,NORMAL
2026-01-03 05:10:00,24,62,96,633,54,OFF,NORMAL
2026-01-03 05:15:00,26,45,82,396,60,OFF,NORMAL
2026-01-03 05:20:00,33,77,16,117,91,ON,LOW_SOIL_MOISTURE
2026-01-03 05:25:00,45,50,58,665,28,OFF,HIGH_TEMPERATURE
2026-01-03 05:30:00,36,44,48,330,25,OFF,NORMAL
2026-01-03 05:35:00,43,36,53,611,26,OFF,HIGH_TEMPERATURE
2026-01-03 05:40:00,32,74,12,101,30,ON,LOW_SOIL_MOISTURE
2026-01-03 05:45:00,22,36,69,208,10,OFF,LOW_WATER_LEVEL
2026-01-03 05:50:00,25,45,76,806,64,OFF,NORMAL
2026-01-03 05:55:00,32,73,11,194,99,ON,LOW_SOIL_MOISTURE
2026-01-03 06:00:00,43,47,12,691,95,ON,HIGH_TEMPERATURE
2026-01-03 06:05:00,31,63,95,501,81,OFF,NORMAL
2026-01-03 06:10:00,41,85,42,950,99,OFF,HIGH_TEMPERATURE
2026-01-03 06:15:00,21,41,44,534,58,OFF,NORMAL
2026-01-03 06:20:00,22,52,80,776,53,OFF,NORMAL
2026-01-03 06:25:00,22,87,54,444,17,OFF,LOW_WATER_LEVEL
2026-01-03 06:30:00,39,84,91,841,59,OFF,NORMAL
2026-01-03 06:35:00,35,76,60,993,47,OFF,NORMAL
2026-01-03 06:40:00,36,44,54,424,80,OFF,NORMAL
2026-01-03 06:45:00,28,52,44,626,11,OFF,LOW_WATER_LEVEL
2026-01-03 06:50:00,20,90,29,348,49,ON,LOW_SOIL_MOISTURE
2026-01-03 06:55:00,22,68,16,103,66,ON,LOW_SOIL_MOISTURE
2026-01-03 07:00:00,27,55,71,905,89,OFF,NORMAL
2026-01-03 07:05:00,32,52,61,756,71,OFF,NORMAL
2026-01-03 07:10:00,41,70,17,976,98,ON,HIGH_TEMPERATURE
2026-01-03 07:15:00,32,52,62,178,32,OFF,NORMAL
2026-01-03 07:20:00,30,83,92,607,69,OFF,NORMAL
2026-01-03 07:25:00,32,84,77,469,23,OFF,NORMAL
2026-01-03 07:30:00,43,86,45,562,62,OFF,HIGH_TEMPERATURE
2026-01-03 07:35:00,22,43,51,466,48,OFF,NORMAL
2026-01-03 07:40:00,21,61,79,334,55,OFF,NORMAL
2026-01-03 07:45:00,39,78,75,264,81,OFF,NORMAL
2026-01-03 07:50:00,36,74,52,218,34,OFF,NORMAL
2026-01-03 07:55:00,33,36,94,937,49,OFF,NORMAL
2026-01-03 08:00:00,34,80,68,238,84,OFF,NORMAL
2026-01-03 08:05:00,31,69,69,584,81,OFF,NORMAL
2026-01-03 08:10:00,34,40,94,930,74,OFF,NORMAL
2026-01-03 08:15:00,34,48,71,364,49,OFF,NORMAL
2026-01-03 08:20:00,32,81,77,377,76,OFF,NORMAL
2026-01-03 08:25:00,30,65,33,562,98,OFF,NORMAL
2026-01-03 08:30:00,34,78,76,816,79,OFF,NORMAL
2026-01-03 08:35:00,27,36,32,798,67,OFF,NORMAL
2026-01-03 08:40:00,45,90,92,959,25,OFF,HIGH_TEMPERATURE
2026-01-03 08:45:00,45,84,26,115,99,ON,HIGH_TEMPERATURE
2026-01-03 08:50:00,44,85,35,508,15,OFF,LOW_WATER_LEVEL
2026-01-03 08:55:00,20,47,18,855,96,ON,LOW_SOIL_MOISTURE
2026-01-03 09:00:00,45,56,80,458,84,OFF,HIGH_TEMPERATURE
2026-01-03 09:05:00,28,48,81,127,38,OFF,NORMAL
2026-01-03 09:10:00,39,46,94,146,76,OFF,NORMAL
2026-01-03 09:15:00,20,78,98,605,24,OFF,NORMAL
2026-01-03 09:20:00,41,67,97,448,79,OFF,HIGH_TEMPERATURE
2026-01-03 09:25:00,38,59,36,463,19,OFF,LOW_WATER_LEVEL
2026-01-03 09:30:00,39,67,29,615,22,ON,LOW_SOIL_MOISTURE
2026-01-03 09:35:00,40,74,19,919,68,ON,LOW_SOIL_MOISTURE
2026-01-03 09:40:00,36,40,85,161,22,OFF,NORMAL
2026-01-03 09:45:00,24,58,38,361,13,OFF,LOW_WATER_LEVEL
2026-01-03 09:50:00,27,58,67,484,65,OFF,NORMAL
2026-01-03 09:55:00,26,56,78,225,45,OFF,NORMAL
2026-01-03 10:00:00,40,60,53,962,82,OFF,NORMAL
2026-01-03 10:05:00,22,70,49,658,17,OFF,LOW_WATER_LEVEL
2026-01-03 10:10:00,27,86,40,645,64,OFF,NORMAL
2026-01-03 10:15:00,24,54,53,261,20,OFF,NORMAL
2026-01-03 10:20:00,30,50,97,715,47,OFF,NORMAL
2026-01-03 10:25:00,23,78,28,710,49,ON,LOW_SOIL_MOISTURE
2026-01-03 10:30:00,25,76,98,138,88,OFF,NORMAL
2026-01-03 10:35:00,23,74,92,851,63,OFF,NORMAL
2026-01-03 10:40:00,40,61,85,830,60,OFF,NORMAL
2026-01-03 10:45:00,41,57,85,900,10,OFF,LOW_WATER_LEVEL
2026-01-03 10:50:00,30,68,28,711,48,ON,LOW_SOIL_MOISTURE
2026-01-03 10:55:00,32,54,32,687,54,OFF,NORMAL
2026-01-03 11:00:00,38,69,19,506,46,ON,LOW_SOIL_MOISTURE
2026-01-03 11:05:00,25,88,15,899,15,ON,LOW_WATER_LEVEL
2026-01-03 11:10:00,37,74,23,387,28,ON,LOW_SOIL_MOISTURE
2026-01-03 11:15:00,20,79,34,337,73,OFF,NORMAL
2026-01-03 11:20:00,34,59,64,141,96,OFF,NORMAL
2026-01-03 11:25:00,27,87,25,154,82,ON,LOW_SOIL_MOISTURE
2026-01-03 11:30:00,33,52,28,593,28,ON,LOW_SOIL_MOISTURE
2026-01-03 11:35:00,25,71,19,512,26,ON,LOW_SOIL_MOISTURE
2026-01-03 11:40:00,34,87,82,858,100,OFF,NORMAL
2026-01-03 11:45:00,33,46,53,448,12,OFF,LOW_WATER_LEVEL
2026-01-03 11:50:00,30,63,92,487,51,OFF,NORMAL
2026-01-03 11:55:00,44,72,27,592,75,ON,HIGH_TEMPERATURE
2026-01-03 12:00:00,31,52,53,165,68,OFF,NORMAL
2026-01-03 12:05:00,42,58,58,846,24,OFF,HIGH_TEMPERATURE
2026-01-03 12:10:00,39,88,97,364,21,OFF,NORMAL
2026-01-03 12:15:00,36,84,74,736,39,OFF,NORMAL
2026-01-03 12:20:00,34,55,91,302,20,OFF,NORMAL
2026-01-03 12:25:00,36,43,22,413,66,ON,LOW_SOIL_MOISTURE
2026-01-03 12:30:00,37,89,11,364,79,ON,LOW_SOIL_MOISTURE
2026-01-03 12:35:00,30,74,50,937,13,OFF,LOW_WATER_LEVEL
2026-01-03 12:40:00,32,38,82,676,92,OFF,NORMAL
2026-01-03 12:45:00,26,80,46,696,21,OFF,NORMAL
2026-01-03 12:50:00,21,70,89,677,56,OFF,NORMAL
2026-01-03 12:55:00,45,86,51,398,11,OFF,LOW_WATER_LEVEL
2026-01-03 13:00:00,35,53,98,793,37,OFF,NORMAL
2026-01-03 13:05:00,30,37,93,679,87,OFF,NORMAL
2026-01-03 13:10:00,30,39,86,657,63,OFF,NORMAL
2026-01-03 13:15:00,43,88,45,701,73,OFF,HIGH_TEMPERATURE
2026-01-03 13:20:00,35,69,33,546,34,OFF,NORMAL
2026-01-03 13:25:00,45,52,69,519,34,OFF,HIGH_TEMPERATURE
2026-01-03 13:30:00,28,57,17,571,31,ON,LOW_SOIL_MOISTURE
2026-01-03 13:35:00,34,44,41,877,58,OFF,NORMAL
2026-01-03 13:40:00,27,90,23,472,62,ON,LOW_SOIL_MOISTURE
2026-01-03 13:45:00,34,38,34,225,83,OFF,NORMAL
2026-01-03 13:50:00,39,59,21,982,38,ON,LOW_SOIL_MOISTURE
2026-01-03 13:55:00,40,41,32,179,50,OFF,NORMAL
2026-01-03 14:00:00,41,84,49,555,45,OFF,HIGH_TEMPERATURE
2026-01-03 14:05:00,45,78,47,863,82,OFF,HIGH_TEMPERATURE
2026-01-03 14:10:00,24,66,65,747,66,OFF,NORMAL
2026-01-03 14:15:00,31,61,64,701,96,OFF,NORMAL
2026-01-03 14:20:00,32,57,63,602,48,OFF,NORMAL
2026-01-03 14:25:00,36,71,72,554,88,OFF,NORMAL
2026-01-03 14:30:00,24,51,81,859,71,OFF,NORMAL
2026-01-03 14:35:00,32,85,37,634,65,OFF,NORMAL
2026-01-03 14:40:00,24,68,69,285,52,OFF,NORMAL
2026-01-03 14:45:00,36,62,41,426,73,OFF,NORMAL
2026-01-03 14:50:00,42,41,75,372,53,OFF,HIGH_TEMPERATURE
2026-01-03 14:55:00,36,37,56,131,95,OFF,NORMAL
2026-01-03 15:00:00,32,63,42,524,21,OFF,NORMAL
2026-01-03 15:05:00,31,47,42,560,62,OFF,NORMAL
2026-01-03 15:10:00,37,67,71,143,13,OFF,LOW_WATER_LEVEL
2026-01-03 15:15:00,38,35,54,551,63,OFF,NORMAL
2026-01-03 15:20:00,34,35,22,958,26,ON,LOW_SOIL_MOISTURE
2026-01-03 15:25:00,21,37,54,148,76,OFF,NORMAL
2026-01-03 15:30:00,41,51,94,457,63,OFF,HIGH_TEMPERATURE
2026-01-03 15:35:00,37,38,67,938,61,OFF,NORMAL
2026-01-03 15:40:00,31,58,40,990,35,OFF,NORMAL
2026-01-03 15:45:00,23,54,76,552,20,OFF,NORMAL
2026-01-03 15:50:00,36,65,67,375,31,OFF,NORMAL
2026-01-03 15:55:00,33,83,27,971,68,ON,LOW_SOIL_MOISTURE
2026-01-03 16:00:00,33,51,84,761,47,OFF,NORMAL
2026-01-03 16:05:00,38,61,68,568,96,OFF,NORMAL
2026-01-03 16:10:00,37,77,14,503,50,ON,LOW_SOIL_MOISTURE
2026-01-03 16:15:00,20,59,92,327,34,OFF,NORMAL
2026-01-03 16:20:00,35,70,88,271,81,OFF,NORMAL
2026-01-03 16:25:00,23,50,56,822,95,OFF,NORMAL
2026-01-03 16:30:00,22,54,94,439,18,OFF,LOW_WATER_LEVEL
2026-01-03 16:35:00,23,60,79,658,26,OFF,NORMAL
2026-01-03 16:40:00,31,74,26,466,19,ON,LOW_WATER_LEVEL
2026-01-03 16:45:00,34,74,27,213,50,ON,LOW_SOIL_MOISTURE
2026-01-03 16:50:00,36,68,54,135,81,OFF,NORMAL
2026-01-03 16:55:00,21,76,39,120,76,OFF,NORMAL
2026-01-03 17:00:00,39,71,51,311,27,OFF,NORMAL
2026-01-03 17:05:00,34,39,73,100,32,OFF,NORMAL
2026-01-03 17:10:00,45,73,57,159,90,OFF,HIGH_TEMPERATURE
2026-01-03 17:15:00,41,78,81,171,79,OFF,HIGH_TEMPERATURE
2026-01-03 17:20:00,42,55,94,785,14,OFF,LOW_WATER_LEVEL
2026-01-03 17:25:00,31,81,95,902,52,OFF,NORMAL
2026-01-03 17:30:00,21,64,90,964,47,OFF,NORMAL
2026-01-03 17:35:00,41,70,46,306,41,OFF,HIGH_TEMPERATURE
2026-01-03 17:40:00,28,89,39,706,27,OFF,NORMAL
2026-01-03 17:45:00,42,37,47,337,58,OFF,HIGH_TEMPERATURE
2026-01-03 17:50:00,44,72,47,405,90,OFF,HIGH_TEMPERATURE
2026-01-03 17:55:00,39,56,59,754,52,OFF,NORMAL
2026-01-03 18:00:00,42,83,22,977,97,ON,HIGH_TEMPERATURE
2026-01-03 18:05:00,31,80,59,972,65,OFF,NORMAL
2026-01-03 18:10:00,40,67,15,301,33,ON,LOW_SOIL_MOISTURE
2026-01-03 18:15:00,29,88,18,702,31,ON,LOW_SOIL_MOISTURE
2026-01-03 18:20:00,33,69,43,551,26,OFF,NORMAL
2026-01-03 18:25:00,34,56,54,996,61,OFF,NORMAL
2026-01-03 18:30:00,42,57,10,380,87,ON,HIGH_TEMPERATURE
2026-01-03 18:35:00,22,73,83,905,95,OFF,NORMAL
2026-01-03 18:40:00,22,75,13,928,63,ON,LOW_SOIL_MOISTURE
2026-01-03 18:45:00,27,63,91,131,10,OFF,LOW_WATER_LEVEL
2026-01-03 18:50:00,31,35,38,965,77,OFF,NORMAL
2026-01-03 18:55:00,27,60,93,285,17,OFF,LOW_WATER_LEVEL
2026-01-03 19:00:00,30,60,83,497,47,OFF,NORMAL
2026-01-03 19:05:00,42,89,60,204,68,OFF,HIGH_TEMPERATURE
2026-01-03 19:10:00,33,35,33,132,28,OFF,NORMAL
2026-01-03 19:15:00,34,72,36,317,24,OFF,NORMAL
2026-01-03 19:20:00,43,73,88,862,91,OFF,HIGH_TEMPERATURE
2026-01-03 19:25:00,22,78,39,249,25,OFF,NORMAL
2026-01-03 19:30:00,45,84,57,337,83,OFF,HIGH_TEMPERATURE
2026-01-03 19:35:00,23,72,56,312,68,OFF,NORMAL
2026-01-03 19:40:00,30,72,50,290,30,OFF,NORMAL
2026-01-03 19:45:00,21,37,81,113,56,OFF,NORMAL
2026-01-03 19:50:00,30,50,94,394,61,OFF,NORMAL
2026-01-03 19:55:00,37,59,69,896,48,OFF,NORMAL
2026-01-03 20:00:00,37,87,73,118,53,OFF,NORMAL
2026-01-03 20:05:00,28,45,42,183,18,OFF,LOW_WATER_LEVEL
2026-01-03 20:10:00,45,89,54,164,17,OFF,LOW_WATER_LEVEL
2026-01-03 20:15:00,32,52,84,506,87,OFF,NORMAL
2026-01-03 20:20:00,27,58,74,481,74,OFF,NORMAL
2026-01-03 20:25:00,32,50,92,234,32,OFF,NORMAL
2026-01-03 20:30:00,32,53,69,894,16,OFF,LOW_WATER_LEVEL
2026-01-03 20:35:00,45,52,40,656,94,OFF,HIGH_TEMPERATURE
2026-01-03 20:40:00,39,48,47,913,49,OFF,NORMAL
2026-01-03 20:45:00,24,44,37,580,59,OFF,NORMAL
2026-01-03 20:50:00,25,77,74,585,64,OFF,NORMAL
2026-01-03 20:55:00,29,68,52,272,21,OFF,NORMAL
2026-01-03 21:00:00,28,86,20,337,20,ON,LOW_SOIL_MOISTURE
2026-01-03 21:05:00,43,72,58,464,81,OFF,HIGH_TEMPERATURE
2026-01-03 21:10:00,36,86,12,479,75,ON,LOW_SOIL_MOISTURE
2026-01-03 21:15:00,20,35,73,835,98,OFF,NORMAL
2026-01-03 21:20:00,41,85,61,178,25,OFF,HIGH_TEMPERATURE
2026-01-03 21:25:00,21,86,45,319,22,OFF,NORMAL
2026-01-03 21:30:00,30,56,44,774,23,OFF,NORMAL
2026-01-03 21:35:00,34,72,25,741,35,ON,LOW_SOIL_MOISTURE
2026-01-03 21:40:00,22,66,42,205,32,OFF,NORMAL
2026-01-03 21:45:00,41,76,93,149,73,OFF,HIGH_TEMPERATURE
2026-01-03 21:50:00,28,53,50,929,80,OFF,NORMAL
2026-01-03 21:55:00,32,67,75,242,88,OFF,NORMAL
2026-01-03 22:00:00,28,87,38,211,16,OFF,LOW_WATER_LEVEL
2026-01-03 22:05:00,45,59,68,753,80,OFF,HIGH_TEMPERATURE
2026-01-03 22:10:00,43,74,44,330,54,OFF,HIGH_TEMPERATURE
2026-01-03 22:15:00,42,89,68,347,22,OFF,HIGH_TEMPERATURE
2026-01-03 22:20:00,42,90,36,716,90,OFF,HIGH_TEMPERATURE
2026-01-03 22:25:00,30,45,88,705,98,OFF,NORMAL
2026-01-03 22:30:00,41,42,99,318,20,OFF,HIGH_TEMPERATURE
2026-01-03 22:35:00,28,74,14,705,56,ON,LOW_SOIL_MOISTURE
2026-01-03 22:40:00,22,59,22,554,35,ON,LOW_SOIL_MOISTURE
2026-01-03 22:45:00,34,77,89,494,94,OFF,NORMAL
2026-01-03 22:50:00,25,52,73,444,91,OFF,NORMAL
2026-01-03 22:55:00,38,47,11,772,40,ON,LOW_SOIL_MOISTURE
2026-01-03 23:00:00,36,85,37,917,86,OFF,NORMAL
2026-01-03 23:05:00,37,50,27,135,85,ON,LOW_SOIL_MOISTURE
2026-01-03 23:10:00,29,78,51,674,25,OFF,NORMAL
2026-01-03 23:15:00,36,46,39,882,20,OFF,NORMAL
2026-01-03 23:20:00,45,71,88,225,65,OFF,HIGH_TEMPERATURE
2026-01-03 23:25:00,28,82,49,834,66,OFF,NORMAL
2026-01-03 23:30:00,35,88,56,742,14,OFF,LOW_WATER_LEVEL
2026-01-03 23:35:00,31,67,47,782,14,OFF,LOW_WATER_LEVEL
2026-01-03 23:40:00,21,39,55,383,38,OFF,NORMAL
2026-01-03 23:45:00,40,52,36,700,22,OFF,NORMAL
2026-01-03 23:50:00,23,53,24,263,46,ON,LOW_SOIL_MOISTURE
2026-01-03 23:55:00,34,35,27,346,22,ON,LOW_SOIL_MOISTURE
2026-01-04 00:00:00,36,74,62,918,12,OFF,LOW_WATER_LEVEL
2026-01-04 00:05:00,45,68,47,146,58,OFF,HIGH_TEMPERATURE
2026-01-04 00:10:00,20,72,35,377,38,OFF,NORMAL
2026-01-04 00:15:00,31,82,88,577,37,OFF,NORMAL
2026-01-04 00:20:00,45,79,38,478,83,OFF,HIGH_TEMPERATURE
2026-01-04 00:25:00,31,78,62,406,62,OFF,NORMAL
2026-01-04 00:30:00,41,72,93,522,61,OFF,HIGH_TEMPERATURE
2026-01-04 00:35:00,35,36,28,770,55,ON,LOW_SOIL_MOISTURE
2026-01-04 00:40:00,35,71,49,320,34,OFF,NORMAL
2026-01-04 00:45:00,44,35,45,240,42,OFF,HIGH_TEMPERATURE
2026-01-04 00:50:00,26,43,96,939,88,OFF,NORMAL
2026-01-04 00:55:00,44,70,53,357,78,OFF,HIGH_TEMPERATURE
2026-01-04 01:00:00,23,87,96,752,18,OFF,LOW_WATER_LEVEL
2026-01-04 01:05:00,39,41,43,634,88,OFF,NORMAL
2026-01-04 01:10:00,44,56,42,290,25,OFF,HIGH_TEMPERATURE
2026-01-04 01:15:00,27,52,87,699,69,OFF,NORMAL
2026-01-04 01:20:00,45,90,24,134,47,ON,HIGH_TEMPERATURE
2026-01-04 01:25:00,27,49,27,753,42,ON,LOW_SOIL_MOISTURE
2026-01-04 01:30:00,22,78,86,103,84,OFF,NORMAL
2026-01-04 01:35:00,34,87,75,612,100,OFF,NORMAL
2026-01-04 01:40:00,22,42,85,722,46,OFF,NORMAL
2026-01-04 01:45:00,32,55,44,830,59,OFF,NORMAL
2026-01-04 01:50:00,22,55,85,243,75,OFF,NORMAL
2026-01-04 01:55:00,31,73,100,317,24,OFF,NORMAL
2026-01-04 02:00:00,41,37,23,281,47,ON,HIGH_TEMPERATURE
2026-01-04 02:05:00,25,85,86,743,70,OFF,NORMAL
2026-01-04 02:10:00,22,59,18,488,100,ON,LOW_SOIL_MOISTURE
2026-01-04 02:15:00,35,37,90,242,75,OFF,NORMAL
2026-01-04 02:20:00,24,54,14,992,96,ON,LOW_SOIL_MOISTURE
2026-01-04 02:25:00,23,87,100,426,55,OFF,NORMAL
2026-01-04 02:30:00,45,88,22,707,19,ON,LOW_WATER_LEVEL
2026-01-04 02:35:00,40,81,86,757,12,OFF,LOW_WATER_LEVEL
2026-01-04 02:40:00,32,77,17,411,23,ON,LOW_SOIL_MOISTURE
2026-01-04 02:45:00,37,76,62,398,22,OFF,NORMAL
2026-01-04 02:50:00,44,40,55,393,38,OFF,HIGH_TEMPERATURE
2026-01-04 02:55:00,22,50,19,863,89,ON,LOW_SOIL_MOISTURE
2026-01-04 03:00:00,45,86,97,896,39,OFF,HIGH_TEMPERATURE
2026-01-04 03:05:00,38,60,58,420,74,OFF,NORMAL
2026-01-04 03:10:00,38,88,49,803,41,OFF,NORMAL
2026-01-04 03:15:00,34,89,26,340,57,ON,LOW_SOIL_MOISTURE
2026-01-04 03:20:00,25,61,58,886,64,OFF,NORMAL
2026-01-04 03:25:00,45,79,89,521,42,OFF,HIGH_TEMPERATURE
2026-01-04 03:30:00,38,39,88,507,39,OFF,NORMAL
2026-01-04 03:35:00,39,35,33,593,48,OFF,NORMAL
2026-01-04 03:40:00,41,78,42,889,17,OFF,LOW_WATER_LEVEL
2026-01-04 03:45:00,32,69,96,236,78,OFF,NORMAL
2026-01-04 03:50:00,45,66,86,915,65,OFF,HIGH_TEMPERATURE
2026-01-04 03:55:00,45,82,30,657,86,OFF,HIGH_TEMPERATURE
2026-01-04 04:00:00,36,63,81,995,87,OFF,NORMAL
2026-01-04 04:05:00,21,87,26,396,17,ON,LOW_WATER_LEVEL
2026-01-04 04:10:00,21,43,32,997,45,OFF,NORMAL
2026-01-04 04:15:00,25,57,67,211,59,OFF,NORMAL
2026-01-04 04:20:00,41,50,38,828,44,OFF,HIGH_TEMPERATURE
2026-01-04 04:25:00,28,77,99,862,31,OFF,NORMAL
2026-01-04 04:30:00,39,85,42,143,58,OFF,NORMAL
2026-01-04 04:35:00,24,42,35,617,95,OFF,NORMAL
2026-01-04 04:40:00,34,84,34,750,100,OFF,NORMAL
2026-01-04 04:45:00,41,90,46,898,90,OFF,HIGH_TEMPERATURE
2026-01-04 04:50:00,24,38,83,975,78,OFF,NORMAL
2026-01-04 04:55:00,43,44,86,590,75,OFF,HIGH_TEMPERATURE
2026-01-04 05:00:00,29,78,54,959,50,OFF,NORMAL
2026-01-04 05:05:00,42,58,74,126,22,OFF,HIGH_TEMPERATURE
2026-01-04 05:10:00,29,88,23,905,35,ON,LOW_SOIL_MOISTURE
2026-01-04 05:15:00,31,72,76,357,91,OFF,NORMAL
2026-01-04 05:20:00,40,55,15,584,27,ON,LOW_SOIL_MOISTURE
2026-01-04 05:25:00,31,51,20,862,19,ON,LOW_WATER_LEVEL
2026-01-04 05:30:00,36,57,92,724,12,OFF,LOW_WATER_LEVEL
2026-01-04 05:35:00,41,61,24,482,55,ON,HIGH_TEMPERATURE
2026-01-04 05:40:00,21,65,49,796,65,OFF,NORMAL
2026-01-04 05:45:00,37,77,62,112,92,OFF,NORMAL
2026-01-04 05:50:00,38,46,36,260,48,OFF,NORMAL
2026-01-04 05:55:00,23,84,11,993,81,ON,LOW_SOIL_MOISTURE
2026-01-04 06:00:00,21,59,29,697,10,ON,LOW_WATER_LEVEL
2026-01-04 06:05:00,43,71,66,490,61,OFF,HIGH_TEMPERATURE
2026-01-04 06:10:00,39,90,80,216,17,OFF,LOW_WATER_LEVEL
2026-01-04 06:15:00,43,86,45,183,50,OFF,HIGH_TEMPERATURE
2026-01-04 06:20:00,36,37,24,588,43,ON,LOW_SOIL_MOISTURE
2026-01-04 06:25:00,31,89,42,269,42,OFF,NORMAL
2026-01-04 06:30:00,45,44,11,289,53,ON,HIGH_TEMPERATURE
2026-01-04 06:35:00,35,84,10,778,72,ON,LOW_SOIL_MOISTURE
2026-01-04 06:40:00,20,52,27,691,47,ON,LOW_SOIL_MOISTURE
2026-01-04 06:45:00,20,67,88,889,50,OFF,NORMAL
2026-01-04 06:50:00,26,56,12,278,10,ON,LOW_WATER_LEVEL
2026-01-04 06:55:00,38,56,65,313,33,OFF,NORMAL
2026-01-04 07:00:00,39,88,72,347,23,OFF,NORMAL
2026-01-04 07:05:00,35,85,54,585,60,OFF,NORMAL
2026-01-04 07:10:00,44,67,81,197,58,OFF,HIGH_TEMPERATURE
2026-01-04 07:15:00,21,55,60,464,40,OFF,NORMAL
2026-01-04 07:20:00,38,73,72,855,62,OFF,NORMAL
2026-01-04 07:25:00,31,90,85,718,87,OFF,NORMAL
2026-01-04 07:30:00,45,68,46,712,52,OFF,HIGH_TEMPERATURE
2026-01-04 07:35:00,37,67,92,201,79,OFF,NORMAL
2026-01-04 07:40:00,20,82,32,119,66,OFF,NORMAL
2026-01-04 07:45:00,33,72,25,473,13,ON,LOW_WATER_LEVEL
2026-01-04 07:50:00,25,62,92,986,73,OFF,NORMAL
2026-01-04 07:55:00,20,87,43,345,39,OFF,NORMAL
2026-01-04 08:00:00,45,77,25,407,96,ON,HIGH_TEMPERATURE
2026-01-04 08:05:00,25,41,47,441,100,OFF,NORMAL
2026-01-04 08:10:00,33,51,48,549,38,OFF,NORMAL
2026-01-04 08:15:00,31,44,54,639,59,OFF,NORMAL
2026-01-04 08:20:00,23,74,40,266,22,OFF,NORMAL
2026-01-04 08:25:00,30,79,52,439,54,OFF,NORMAL
2026-01-04 08:30:00,35,83,81,272,53,OFF,NORMAL
2026-01-04 08:35:00,37,83,36,698,30,OFF,NORMAL
2026-01-04 08:40:00,36,44,39,762,60,OFF,NORMAL
2026-01-04 08:45:00,22,83,19,485,13,ON,LOW_WATER_LEVEL
2026-01-04 08:50:00,24,87,12,898,96,ON,LOW_SOIL_MOISTURE
2026-01-04 08:55:00,24,61,35,949,29,OFF,NORMAL
2026-01-04 09:00:00,26,58,68,700,59,OFF,NORMAL
2026-01-04 09:05:00,37,69,90,901,81,OFF,NORMAL
2026-01-04 09:10:00,27,57,31,484,80,OFF,NORMAL
2026-01-04 09:15:00,36,83,50,747,80,OFF,NORMAL
2026-01-04 09:20:00,32,68,21,158,72,ON,LOW_SOIL_MOISTURE
2026-01-04 09:25:00,39,54,61,546,13,OFF,LOW_WATER_LEVEL
2026-01-04 09:30:00,22,61,78,764,51,OFF,NORMAL
2026-01-04 09:35:00,21,81,51,468,62,OFF,NORMAL
2026-01-04 09:40:00,29,83,88,464,55,OFF,NORMAL
2026-01-04 09:45:00,20,69,23,190,98,ON,LOW_SOIL_MOISTURE
2026-01-04 09:50:00,32,51,72,371,94,OFF,NORMAL
2026-01-04 09:55:00,44,83,63,929,99,OFF,HIGH_TEMPERATURE
2026-01-04 10:00:00,40,75,23,471,59,ON,LOW_SOIL_MOISTURE
2026-01-04 10:05:00,27,55,85,316,58,OFF,NORMAL
2026-01-04 10:10:00,30,71,84,328,96,OFF,NORMAL
2026-01-04 10:15:00,45,89,96,356,77,OFF,HIGH_TEMPERATURE
2026-01-04 10:20:00,23,47,71,375,100,OFF,NORMAL
2026-01-04 10:25:00,45,70,47,141,14,OFF,LOW_WATER_LEVEL
2026-01-04 10:30:00,20,68,62,137,22,OFF,NORMAL
2026-01-04 10:35:00,23,84,48,201,19,OFF,LOW_WATER_LEVEL
2026-01-04 10:40:00,36,49,34,559,19,OFF,LOW_WATER_LEVEL
2026-01-04 10:45:00,25,84,68,186,65,OFF,NORMAL
2026-01-04 10:50:00,22,55,86,745,17,OFF,LOW_WATER_LEVEL
2026-01-04 10:55:00,42,86,38,969,11,OFF,LOW_WATER_LEVEL
2026-01-04 11:00:00,28,64,13,919,28,ON,LOW_SOIL_MOISTURE
2026-01-04 11:05:00,34,86,56,280,13,OFF,LOW_WATER_LEVEL
2026-01-04 11:10:00,40,53,62,658,23,OFF,NORMAL
2026-01-04 11:15:00,30,82,51,651,36,OFF,NORMAL
2026-01-04 11:20:00,26,66,72,470,95,OFF,NORMAL
2026-01-04 11:25:00,28,59,11,839,60,ON,LOW_SOIL_MOISTURE
2026-01-04 11:30:00,40,90,10,197,17,ON,LOW_WATER_LEVEL
2026-01-04 11:35:00,24,81,90,678,81,OFF,NORMAL
2026-01-04 11:40:00,25,51,71,263,18,OFF,LOW_WATER_LEVEL
2026-01-04 11:45:00,39,69,75,581,23,OFF,NORMAL
2026-01-04 11:50:00,29,43,51,981,78,OFF,NORMAL
2026-01-04 11:55:00,23,74,30,292,64,OFF,NORMAL
2026-01-04 12:00:00,38,39,89,203,70,OFF,NORMAL
2026-01-04 12:05:00,42,78,55,657,72,OFF,HIGH_TEMPERATURE
2026-01-04 12:10:00,34,43,64,816,26,OFF,NORMAL
2026-01-04 12:15:00,23,66,52,386,85,OFF,NORMAL
2026-01-04 12:20:00,34,66,62,591,88,OFF,NORMAL
2026-01-04 12:25:00,45,62,83,722,40,OFF,HIGH_TEMPERATURE
2026-01-04 12:30:00,23,70,61,755,47,OFF,NORMAL
2026-01-04 12:35:00,40,86,65,522,23,OFF,NORMAL
2026-01-04 12:40:00,32,85,70,255,40,OFF,NORMAL
2026-01-04 12:45:00,29,54,90,302,19,OFF,LOW_WATER_LEVEL
2026-01-04 12:50:00,33,78,30,999,64,OFF,NORMAL
2026-01-04 12:55:00,42,46,31,325,29,OFF,HIGH_TEMPERATURE
2026-01-04 13:00:00,21,60,17,957,56,ON,LOW_SOIL_MOISTURE
2026-01-04 13:05:00,36,44,47,771,46,OFF,NORMAL
2026-01-04 13:10:00,43,74,43,447,25,OFF,HIGH_TEMPERATURE
2026-01-04 13:15:00,30,79,74,620,22,OFF,NORMAL
2026-01-04 13:20:00,37,64,47,246,69,OFF,NORMAL
2026-01-04 13:25:00,37,43,64,870,39,OFF,NORMAL
2026-01-04 13:30:00,29,59,96,257,95,OFF,NORMAL
2026-01-04 13:35:00,25,67,92,457,91,OFF,NORMAL
2026-01-04 13:40:00,42,51,92,214,61,OFF,HIGH_TEMPERATURE
2026-01-04 13:45:00,25,38,57,257,35,OFF,NORMAL
2026-01-04 13:50:00,41,62,48,170,57,OFF,HIGH_TEMPERATURE
2026-01-04 13:55:00,35,52,64,266,63,OFF,NORMAL
2026-01-04 14:00:00,43,54,61,355,55,OFF,HIGH_TEMPERATURE
2026-01-04 14:05:00,33,82,58,408,60,OFF,NORMAL
2026-01-04 14:10:00,35,48,82,469,57,OFF,NORMAL
2026-01-04 14:15:00,29,37,28,278,97,ON,LOW_SOIL_MOISTURE
2026-01-04 14:20:00,24,51,36,640,38,OFF,NORMAL
2026-01-04 14:25:00,27,51,67,559,48,OFF,NORMAL
2026-01-04 14:30:00,38,62,68,918,77,OFF,NORMAL
2026-01-04 14:35:00,41,58,41,720,30,OFF,HIGH_TEMPERATURE
2026-01-04 14:40:00,26,60,23,600,92,ON,LOW_SOIL_MOISTURE
2026-01-04 14:45:00,28,53,31,681,59,OFF,NORMAL
2026-01-04 14:50:00,29,68,23,207,76,ON,LOW_SOIL_MOISTURE
2026-01-04 14:55:00,21,83,37,986,45,OFF,NORMAL
2026-01-04 15:00:00,27,67,82,545,86,OFF,NORMAL
2026-01-04 15:05:00,32,78,96,499,76,OFF,NORMAL
2026-01-04 15:10:00,21,54,22,788,56,ON,LOW_SOIL_MOISTURE
2026-01-04 15:15:00,40,90,55,434,54,OFF,NORMAL
2026-01-04 15:20:00,45,81,28,282,59,ON,HIGH_TEMPERATURE
2026-01-04 15:25:00,36,71,23,402,51,ON,LOW_SOIL_MOISTURE
2026-01-04 15:30:00,29,43,58,799,51,OFF,NORMAL
2026-01-04 15:35:00,41,66,97,213,83,OFF,HIGH_TEMPERATURE
2026-01-04 15:40:00,25,73,73,329,38,OFF,NORMAL
2026-01-04 15:45:00,21,46,16,284,70,ON,LOW_SOIL_MOISTURE
2026-01-04 15:50:00,25,85,11,105,87,ON,LOW_SOIL_MOISTURE
2026-01-04 15:55:00,38,71,40,167,32,OFF,NORMAL
2026-01-04 16:00:00,39,59,51,584,92,OFF,NORMAL
2026-01-04 16:05:00,22,56,16,776,88,ON,LOW_SOIL_MOISTURE
2026-01-04 16:10:00,29,90,75,894,88,OFF,NORMAL
2026-01-04 16:15:00,45,81,45,840,13,OFF,LOW_WATER_LEVEL
2026-01-04 16:20:00,34,42,47,793,71,OFF,NORMAL
2026-01-04 16:25:00,30,65,56,247,28,OFF,NORMAL
2026-01-04 16:30:00,44,41,93,901,94,OFF,HIGH_TEMPERATURE
2026-01-04 16:35:00,37,76,30,652,100,OFF,NORMAL
2026-01-04 16:40:00,31,89,52,441,69,OFF,NORMAL
2026-01-04 16:45:00,22,50,61,486,56,OFF,NORMAL
2026-01-04 16:50:00,44,48,20,111,12,ON,LOW_WATER_LEVEL
2026-01-04 16:55:00,43,81,82,933,39,OFF,HIGH_TEMPERATURE
2026-01-04 17:00:00,24,60,24,104,40,ON,LOW_SOIL_MOISTURE
2026-01-04 17:05:00,22,78,97,702,30,OFF,NORMAL
2026-01-04 17:10:00,39,63,20,318,92,ON,LOW_SOIL_MOISTURE
2026-01-04 17:15:00,39,87,21,512,70,ON,LOW_SOIL_MOISTURE
2026-01-04 17:20:00,41,49,90,670,41,OFF,HIGH_TEMPERATURE
2026-01-04 17:25:00,25,70,73,447,57,OFF,NORMAL
2026-01-04 17:30:00,42,58,47,200,31,OFF,HIGH_TEMPERATURE
2026-01-04 17:35:00,22,47,77,548,74,OFF,NORMAL
2026-01-04 17:40:00,24,73,68,429,45,OFF,NORMAL
2026-01-04 17:45:00,23,71,21,259,85,ON,LOW_SOIL_MOISTURE
2026-01-04 17:50:00,44,46,59,644,54,OFF,HIGH_TEMPERATURE
2026-01-04 17:55:00,41,70,67,332,71,OFF,HIGH_TEMPERATURE
2026-01-04 18:00:00,39,89,15,796,50,ON,LOW_SOIL_MOISTURE
2026-01-04 18:05:00,27,84,48,407,74,OFF,NORMAL
2026-01-04 18:10:00,31,61,36,769,33,OFF,NORMAL
2026-01-04 18:15:00,28,54,52,450,95,OFF,NORMAL
2026-01-04 18:20:00,20,73,52,149,90,OFF,NORMAL
2026-01-04 18:25:00,29,39,34,185,69,OFF,NORMAL
2026-01-04 18:30:00,39,77,91,769,56,OFF,NORMAL
2026-01-04 18:35:00,28,40,83,263,88,OFF,NORMAL
2026-01-04 18:40:00,35,55,52,196,69,OFF,NORMAL
2026-01-04 18:45:00,34,71,39,258,57,OFF,NORMAL
2026-01-04 18:50:00,38,72,48,746,18,OFF,LOW_WATER_LEVEL
2026-01-04 18:55:00,22,59,86,181,58,OFF,NORMAL
2026-01-04 19:00:00,22,50,85,307,89,OFF,NORMAL
2026-01-04 19:05:00,29,36,15,937,35,ON,LOW_SOIL_MOISTURE
2026-01-04 19:10:00,25,67,73,605,92,OFF,NORMAL
2026-01-04 19:15:00,36,90,98,586,33,OFF,NORMAL
